{
  "settings": {
    "total_voters": 1000000,
    "total_mandates": 120,
    "threshold": 1.0269562977782698e-15
  },
  "parties": {
    "Kirill": 14.0,
    "Vasya": 34.0,
    "Rkl": 11.0,
    "вввввв": 12.0,
    "вцвсвау": 13.899999999999993,
    "вцвсвавывывывывыв": 15.1
  }
}